[{"path":"/api/**","method":"GET","status":"ACTIVE","mockType":"RULE","statefulParent":false,"proxyTimeoutInMillis":0,"webSocketTimeoutInMillis":0,"sseHeartBeatInMillis":0,"proxyPushIdOnConnect":false,"randomiseDefinitions":false,"proxyForwardWhenNoRuleMatch":false,"randomiseLatency":false,"randomiseLatencyRangeMinMillis":0,"randomiseLatencyRangeMaxMillis":0,"projectId":null,"definitions":[{"extId":"452933ae-700f-4047-9d68-0bc2fecd9b20","orderNo":1,"httpStatusCode":200,"responseContentType":"application/json","responseBody":"test","sleepInMillis":0,"suspend":false,"frequencyCount":0,"frequencyPercentage":0,"responseHeaders":{}}],"customJsSyntax":null,"rules":[],"statefulDefaultResponseBody":null,"statefulIdFieldName":null,"statefulIdFieldLocation":null,"extId":"92d72b4d-b75b-4a63-b80b-7eba0c3ef0c9","dateCreated":1634653418674,"createdBy":"admin","userCtxPath":""}]